time(s),flow(L/m)
0	0
0.002	0.377212
0.004	0.754425
0.006	1.13164
0.008	1.50885
0.01	1.88606
0.012	2.26327
0.014	2.64049
0.016	3.0177
0.018	3.39491
0.02	3.77212
0.022	4.14934
0.024	4.52655
0.026	4.90376
0.028	5.28097
0.03	5.65819
0.032	6.0354
0.034	6.41261
0.036	6.78982
0.038	7.16704
0.04	7.54425
0.042	7.92146
0.044	8.29867
0.046	8.67589
0.048	9.0531
0.05	9.43031
0.052	9.80752
0.054	10.1847
0.056	10.5619
0.058	10.9392
0.06	11.3164
0.062	11.6936
0.064	12.0708
0.066	12.448
0.068	12.8252
0.07	13.2024
0.072	13.5796
0.074	13.9569
0.076	14.3341
0.078	14.7113
0.08	15.0885
0.082	15.4657
0.084	15.8429
0.086	16.2201
0.088	16.5973
0.09	16.9746
0.092	17.3518
0.094	17.729
0.096	18.1062
0.098	18.4834
0.1	18.8606
0.102	19.2378
0.104	19.615
0.106	19.9923
0.108	20.3695
0.11	20.7467
0.112	21.1239
0.114	21.5011
0.116	21.8783
0.118	22.2555
0.12	22.6327
0.122	23.01
0.124	23.3872
0.126	23.7644
0.128	24.1416
0.13	24.5188
0.132	24.896
0.134	25.2732
0.136	25.6504
0.138	26.0277
0.14	26.4049
0.142	26.7821
0.144	27.1593
0.146	27.5365
0.148	27.9137
0.15	28.2909
0.152	28.6681
0.154	29.0454
0.156	29.4226
0.158	29.7998
0.16	30.177
0.162	30.5542
0.164	30.9314
0.166	31.3086
0.168	31.6858
0.17	32.0631
0.172	32.4403
0.174	32.8175
0.176	33.1947
0.178	33.5719
0.18	33.9491
0.182	34.3263
0.184	34.7035
0.186	35.0808
0.188	35.458
0.19	35.8352
0.192	36.2124
0.194	36.5896
0.196	36.9668
0.198	37.344
0.2	37.7212
0.202	37.8461
0.204	37.971
0.206	38.0958
0.208	38.2207
0.21	38.3456
0.212	38.4704
0.214	38.5953
0.216	38.7202
0.218	38.845
0.22	38.9699
0.222	39.0948
0.224	39.2197
0.226	39.3445
0.228	39.4694
0.23	39.5943
0.232	39.7191
0.234	39.844
0.236	39.9689
0.238	40.0937
0.24	40.2186
0.242	40.3435
0.244	40.4683
0.246	40.5932
0.248	40.7181
0.25	40.8429
0.252	40.9678
0.254	41.0927
0.256	41.2175
0.258	41.3424
0.26	41.4673
0.262	41.5921
0.264	41.717
0.266	41.8419
0.268	41.9667
0.27	42.0916
0.272	42.2165
0.274	42.3413
0.276	42.4662
0.278	42.5911
0.28	42.7159
0.282	42.8408
0.284	42.9657
0.286	43.0905
0.288	43.2154
0.29	43.3403
0.292	43.4651
0.294	43.59
0.296	43.7149
0.298	43.8397
0.3	43.9646
0.302	44.0895
0.304	44.2143
0.306	44.3392
0.308	44.4641
0.31	44.5889
0.312	44.7138
0.314	44.8387
0.316	44.9636
0.318	45.0884
0.32	45.2133
0.322	45.3382
0.324	45.463
0.326	45.5879
0.328	45.7128
0.33	45.8376
0.332	45.9625
0.334	46.0874
0.336	46.2122
0.338	46.3371
0.34	46.462
0.342	46.5868
0.344	46.7117
0.346	46.8366
0.348	46.9614
0.35	47.0863
0.352	47.2112
0.354	47.336
0.356	47.4609
0.358	47.5858
0.36	47.7106
0.362	47.8355
0.364	47.9604
0.366	48.0852
0.368	48.2101
0.37	48.335
0.372	48.4598
0.374	48.5847
0.376	48.7096
0.378	48.8344
0.38	48.9593
0.382	49.0842
0.384	49.209
0.386	49.3339
0.388	49.4588
0.39	49.5836
0.392	49.7085
0.394	49.8334
0.396	49.9582
0.398	50.0831
0.4	50.208
0.402	50.2688
0.404	50.3296
0.406	50.3905
0.408	50.4513
0.41	50.5121
0.412	50.5729
0.414	50.6337
0.416	50.6946
0.418	50.7554
0.42	50.8162
0.422	50.877
0.424	50.9379
0.426	50.9987
0.428	51.0595
0.43	51.1203
0.432	51.1812
0.434	51.242
0.436	51.3028
0.438	51.3636
0.44	51.4245
0.442	51.4853
0.444	51.5461
0.446	51.6069
0.448	51.6677
0.45	51.7286
0.452	51.7894
0.454	51.8502
0.456	51.911
0.458	51.9719
0.46	52.0327
0.462	52.0935
0.464	52.1543
0.466	52.2152
0.468	52.276
0.47	52.3368
0.472	52.3976
0.474	52.4585
0.476	52.5193
0.478	52.5801
0.48	52.6409
0.482	52.7017
0.484	52.7626
0.486	52.8234
0.488	52.8842
0.49	52.945
0.492	53.0059
0.494	53.0667
0.496	53.1275
0.498	53.1883
0.5	53.2492
0.502	53.31
0.504	53.3708
0.506	53.4316
0.508	53.4925
0.51	53.5533
0.512	53.6141
0.514	53.6749
0.516	53.7357
0.518	53.7966
0.52	53.8574
0.522	53.9182
0.524	53.979
0.526	54.0399
0.528	54.1007
0.53	54.1615
0.532	54.2223
0.534	54.2832
0.536	54.344
0.538	54.4048
0.54	54.4656
0.542	54.5264
0.544	54.5873
0.546	54.6481
0.548	54.7089
0.55	54.7697
0.552	54.8306
0.554	54.8914
0.556	54.9522
0.558	55.013
0.56	55.0739
0.562	55.1347
0.564	55.1955
0.566	55.2563
0.568	55.3172
0.57	55.378
0.572	55.4388
0.574	55.4996
0.576	55.5604
0.578	55.6213
0.58	55.6821
0.582	55.7429
0.584	55.8037
0.586	55.8646
0.588	55.9254
0.59	55.9862
0.592	56.047
0.594	56.1079
0.596	56.1687
0.598	56.2295
0.6	56.2903
0.602	56.3189
0.604	56.3475
0.606	56.3761
0.608	56.4047
0.61	56.4332
0.612	56.4618
0.614	56.4904
0.616	56.519
0.618	56.5476
0.62	56.5762
0.622	56.6047
0.624	56.6333
0.626	56.6619
0.628	56.6905
0.63	56.7191
0.632	56.7477
0.634	56.7762
0.636	56.8048
0.638	56.8334
0.64	56.862
0.642	56.8906
0.644	56.9192
0.646	56.9477
0.648	56.9763
0.65	57.0049
0.652	57.0335
0.654	57.0621
0.656	57.0907
0.658	57.1192
0.66	57.1478
0.662	57.1764
0.664	57.205
0.666	57.2336
0.668	57.2622
0.67	57.2907
0.672	57.3193
0.674	57.3479
0.676	57.3765
0.678	57.4051
0.68	57.4337
0.682	57.4622
0.684	57.4908
0.686	57.5194
0.688	57.548
0.69	57.5766
0.692	57.6052
0.694	57.6337
0.696	57.6623
0.698	57.6909
0.7	57.7195
0.702	57.7481
0.704	57.7767
0.706	57.8052
0.708	57.8338
0.71	57.8624
0.712	57.891
0.714	57.9196
0.716	57.9482
0.718	57.9767
0.72	58.0053
0.722	58.0339
0.724	58.0625
0.726	58.0911
0.728	58.1197
0.73	58.1482
0.732	58.1768
0.734	58.2054
0.736	58.234
0.738	58.2626
0.74	58.2912
0.742	58.3197
0.744	58.3483
0.746	58.3769
0.748	58.4055
0.75	58.4341
0.752	58.4627
0.754	58.4913
0.756	58.5198
0.758	58.5484
0.76	58.577
0.762	58.6056
0.764	58.6342
0.766	58.6628
0.768	58.6913
0.77	58.7199
0.772	58.7485
0.774	58.7771
0.776	58.8057
0.778	58.8343
0.78	58.8628
0.782	58.8914
0.784	58.92
0.786	58.9486
0.788	58.9772
0.79	59.0058
0.792	59.0343
0.794	59.0629
0.796	59.0915
0.798	59.1201
0.8	59.1487
0.802	59.1572
0.804	59.1657
0.806	59.1742
0.808	59.1827
0.81	59.1912
0.812	59.1997
0.814	59.2083
0.816	59.2168
0.818	59.2253
0.82	59.2338
0.822	59.2423
0.824	59.2508
0.826	59.2593
0.828	59.2679
0.83	59.2764
0.832	59.2849
0.834	59.2934
0.836	59.3019
0.838	59.3104
0.84	59.3189
0.842	59.3274
0.844	59.336
0.846	59.3445
0.848	59.353
0.85	59.3615
0.852	59.37
0.854	59.3785
0.856	59.387
0.858	59.3956
0.86	59.4041
0.862	59.4126
0.864	59.4211
0.866	59.4296
0.868	59.4381
0.87	59.4466
0.872	59.4551
0.874	59.4637
0.876	59.4722
0.878	59.4807
0.88	59.4892
0.882	59.4977
0.884	59.5062
0.886	59.5147
0.888	59.5233
0.89	59.5318
0.892	59.5403
0.894	59.5488
0.896	59.5573
0.898	59.5658
0.9	59.5743
0.902	59.5828
0.904	59.5914
0.906	59.5999
0.908	59.6084
0.91	59.6169
0.912	59.6254
0.914	59.6339
0.916	59.6424
0.918	59.651
0.92	59.6595
0.922	59.668
0.924	59.6765
0.926	59.685
0.928	59.6935
0.93	59.702
0.932	59.7105
0.934	59.7191
0.936	59.7276
0.938	59.7361
0.94	59.7446
0.942	59.7531
0.944	59.7616
0.946	59.7701
0.948	59.7787
0.95	59.7872
0.952	59.7957
0.954	59.8042
0.956	59.8127
0.958	59.8212
0.96	59.8297
0.962	59.8382
0.964	59.8468
0.966	59.8553
0.968	59.8638
0.97	59.8723
0.972	59.8808
0.974	59.8893
0.976	59.8978
0.978	59.9064
0.98	59.9149
0.982	59.9234
0.984	59.9319
0.986	59.9404
0.988	59.9489
0.99	59.9574
0.992	59.9659
0.994	59.9745
0.996	59.983
0.998	59.9915
1	60
1.002	59.9943
1.004	59.9887
1.006	59.983
1.008	59.9774
1.01	59.9717
1.012	59.9661
1.014	59.9604
1.016	59.9548
1.018	59.9491
1.02	59.9435
1.022	59.9378
1.024	59.9322
1.026	59.9265
1.028	59.9208
1.03	59.9152
1.032	59.9095
1.034	59.9039
1.036	59.8982
1.038	59.8926
1.04	59.8869
1.042	59.8813
1.044	59.8756
1.046	59.87
1.048	59.8643
1.05	59.8587
1.052	59.853
1.054	59.8474
1.056	59.8417
1.058	59.836
1.06	59.8304
1.062	59.8247
1.064	59.8191
1.066	59.8134
1.068	59.8078
1.07	59.8021
1.072	59.7965
1.074	59.7908
1.076	59.7852
1.078	59.7795
1.08	59.7739
1.082	59.7682
1.084	59.7625
1.086	59.7569
1.088	59.7512
1.09	59.7456
1.092	59.7399
1.094	59.7343
1.096	59.7286
1.098	59.723
1.1	59.7173
1.102	59.7117
1.104	59.706
1.106	59.7004
1.108	59.6947
1.11	59.6891
1.112	59.6834
1.114	59.6777
1.116	59.6721
1.118	59.6664
1.12	59.6608
1.122	59.6551
1.124	59.6495
1.126	59.6438
1.128	59.6382
1.13	59.6325
1.132	59.6269
1.134	59.6212
1.136	59.6156
1.138	59.6099
1.14	59.6042
1.142	59.5986
1.144	59.5929
1.146	59.5873
1.148	59.5816
1.15	59.576
1.152	59.5703
1.154	59.5647
1.156	59.559
1.158	59.5534
1.16	59.5477
1.162	59.5421
1.164	59.5364
1.166	59.5308
1.168	59.5251
1.17	59.5194
1.172	59.5138
1.174	59.5081
1.176	59.5025
1.178	59.4968
1.18	59.4912
1.182	59.4855
1.184	59.4799
1.186	59.4742
1.188	59.4686
1.19	59.4629
1.192	59.4573
1.194	59.4516
1.196	59.4459
1.198	59.4403
1.2	59.4346
1.202	59.4181
1.204	59.4016
1.206	59.385
1.208	59.3685
1.21	59.352
1.212	59.3354
1.214	59.3189
1.216	59.3024
1.218	59.2858
1.22	59.2693
1.222	59.2528
1.224	59.2362
1.226	59.2197
1.228	59.2032
1.23	59.1866
1.232	59.1701
1.234	59.1536
1.236	59.137
1.238	59.1205
1.24	59.104
1.242	59.0874
1.244	59.0709
1.246	59.0544
1.248	59.0378
1.25	59.0213
1.252	59.0048
1.254	58.9882
1.256	58.9717
1.258	58.9552
1.26	58.9386
1.262	58.9221
1.264	58.9056
1.266	58.889
1.268	58.8725
1.27	58.856
1.272	58.8394
1.274	58.8229
1.276	58.8064
1.278	58.7898
1.28	58.7733
1.282	58.7568
1.284	58.7402
1.286	58.7237
1.288	58.7072
1.29	58.6906
1.292	58.6741
1.294	58.6576
1.296	58.641
1.298	58.6245
1.3	58.608
1.302	58.5914
1.304	58.5749
1.306	58.5584
1.308	58.5418
1.31	58.5253
1.312	58.5088
1.314	58.4922
1.316	58.4757
1.318	58.4592
1.32	58.4426
1.322	58.4261
1.324	58.4096
1.326	58.393
1.328	58.3765
1.33	58.36
1.332	58.3434
1.334	58.3269
1.336	58.3104
1.338	58.2938
1.34	58.2773
1.342	58.2607
1.344	58.2442
1.346	58.2277
1.348	58.2111
1.35	58.1946
1.352	58.1781
1.354	58.1615
1.356	58.145
1.358	58.1285
1.36	58.1119
1.362	58.0954
1.364	58.0789
1.366	58.0623
1.368	58.0458
1.37	58.0293
1.372	58.0127
1.374	57.9962
1.376	57.9797
1.378	57.9631
1.38	57.9466
1.382	57.9301
1.384	57.9135
1.386	57.897
1.388	57.8805
1.39	57.8639
1.392	57.8474
1.394	57.8309
1.396	57.8143
1.398	57.7978
1.4	57.7813
1.402	57.7559
1.404	57.7305
1.406	57.7051
1.408	57.6797
1.41	57.6544
1.412	57.629
1.414	57.6036
1.416	57.5782
1.418	57.5528
1.42	57.5275
1.422	57.5021
1.424	57.4767
1.426	57.4513
1.428	57.4259
1.43	57.4006
1.432	57.3752
1.434	57.3498
1.436	57.3244
1.438	57.299
1.44	57.2737
1.442	57.2483
1.444	57.2229
1.446	57.1975
1.448	57.1721
1.45	57.1468
1.452	57.1214
1.454	57.096
1.456	57.0706
1.458	57.0452
1.46	57.0199
1.462	56.9945
1.464	56.9691
1.466	56.9437
1.468	56.9183
1.47	56.893
1.472	56.8676
1.474	56.8422
1.476	56.8168
1.478	56.7914
1.48	56.766
1.482	56.7407
1.484	56.7153
1.486	56.6899
1.488	56.6645
1.49	56.6391
1.492	56.6138
1.494	56.5884
1.496	56.563
1.498	56.5376
1.5	56.5122
1.502	56.4869
1.504	56.4615
1.506	56.4361
1.508	56.4107
1.51	56.3853
1.512	56.36
1.514	56.3346
1.516	56.3092
1.518	56.2838
1.52	56.2584
1.522	56.2331
1.524	56.2077
1.526	56.1823
1.528	56.1569
1.53	56.1315
1.532	56.1062
1.534	56.0808
1.536	56.0554
1.538	56.03
1.54	56.0046
1.542	55.9792
1.544	55.9539
1.546	55.9285
1.548	55.9031
1.55	55.8777
1.552	55.8523
1.554	55.827
1.556	55.8016
1.558	55.7762
1.56	55.7508
1.562	55.7254
1.564	55.7001
1.566	55.6747
1.568	55.6493
1.57	55.6239
1.572	55.5985
1.574	55.5732
1.576	55.5478
1.578	55.5224
1.58	55.497
1.582	55.4716
1.584	55.4463
1.586	55.4209
1.588	55.3955
1.59	55.3701
1.592	55.3447
1.594	55.3194
1.596	55.294
1.598	55.2686
1.6	55.2432
1.602	55.2104
1.604	55.1776
1.606	55.1447
1.608	55.1119
1.61	55.0791
1.612	55.0462
1.614	55.0134
1.616	54.9806
1.618	54.9478
1.62	54.9149
1.622	54.8821
1.624	54.8493
1.626	54.8165
1.628	54.7836
1.63	54.7508
1.632	54.718
1.634	54.6851
1.636	54.6523
1.638	54.6195
1.64	54.5867
1.642	54.5538
1.644	54.521
1.646	54.4882
1.648	54.4554
1.65	54.4225
1.652	54.3897
1.654	54.3569
1.656	54.324
1.658	54.2912
1.66	54.2584
1.662	54.2256
1.664	54.1927
1.666	54.1599
1.668	54.1271
1.67	54.0942
1.672	54.0614
1.674	54.0286
1.676	53.9958
1.678	53.9629
1.68	53.9301
1.682	53.8973
1.684	53.8645
1.686	53.8316
1.688	53.7988
1.69	53.766
1.692	53.7331
1.694	53.7003
1.696	53.6675
1.698	53.6347
1.7	53.6018
1.702	53.569
1.704	53.5362
1.706	53.5034
1.708	53.4705
1.71	53.4377
1.712	53.4049
1.714	53.372
1.716	53.3392
1.718	53.3064
1.72	53.2736
1.722	53.2407
1.724	53.2079
1.726	53.1751
1.728	53.1423
1.73	53.1094
1.732	53.0766
1.734	53.0438
1.736	53.0109
1.738	52.9781
1.74	52.9453
1.742	52.9125
1.744	52.8796
1.746	52.8468
1.748	52.814
1.75	52.7812
1.752	52.7483
1.754	52.7155
1.756	52.6827
1.758	52.6498
1.76	52.617
1.762	52.5842
1.764	52.5514
1.766	52.5185
1.768	52.4857
1.77	52.4529
1.772	52.42
1.774	52.3872
1.776	52.3544
1.778	52.3216
1.78	52.2887
1.782	52.2559
1.784	52.2231
1.786	52.1903
1.788	52.1574
1.79	52.1246
1.792	52.0918
1.794	52.0589
1.796	52.0261
1.798	51.9933
1.8	51.9605
1.802	51.9213
1.804	51.8821
1.806	51.8429
1.808	51.8038
1.81	51.7646
1.812	51.7254
1.814	51.6862
1.816	51.6471
1.818	51.6079
1.82	51.5687
1.822	51.5295
1.824	51.4904
1.826	51.4512
1.828	51.412
1.83	51.3728
1.832	51.3337
1.834	51.2945
1.836	51.2553
1.838	51.2161
1.84	51.177
1.842	51.1378
1.844	51.0986
1.846	51.0594
1.848	51.0203
1.85	50.9811
1.852	50.9419
1.854	50.9027
1.856	50.8636
1.858	50.8244
1.86	50.7852
1.862	50.746
1.864	50.7068
1.866	50.6677
1.868	50.6285
1.87	50.5893
1.872	50.5501
1.874	50.511
1.876	50.4718
1.878	50.4326
1.88	50.3934
1.882	50.3543
1.884	50.3151
1.886	50.2759
1.888	50.2367
1.89	50.1976
1.892	50.1584
1.894	50.1192
1.896	50.08
1.898	50.0409
1.9	50.0017
1.902	49.9625
1.904	49.9233
1.906	49.8842
1.908	49.845
1.91	49.8058
1.912	49.7666
1.914	49.7275
1.916	49.6883
1.918	49.6491
1.92	49.6099
1.922	49.5708
1.924	49.5316
1.926	49.4924
1.928	49.4532
1.93	49.4141
1.932	49.3749
1.934	49.3357
1.936	49.2965
1.938	49.2574
1.94	49.2182
1.942	49.179
1.944	49.1398
1.946	49.1007
1.948	49.0615
1.95	49.0223
1.952	48.9831
1.954	48.944
1.956	48.9048
1.958	48.8656
1.96	48.8264
1.962	48.7872
1.964	48.7481
1.966	48.7089
1.968	48.6697
1.97	48.6305
1.972	48.5914
1.974	48.5522
1.976	48.513
1.978	48.4738
1.98	48.4347
1.982	48.3955
1.984	48.3563
1.986	48.3171
1.988	48.278
1.99	48.2388
1.992	48.1996
1.994	48.1604
1.996	48.1213
1.998	48.0821
2	48.0429
2.002	47.9984
2.004	47.9539
2.006	47.9094
2.008	47.8648
2.01	47.8203
2.012	47.7758
2.014	47.7313
2.016	47.6868
2.018	47.6422
2.02	47.5977
2.022	47.5532
2.024	47.5087
2.026	47.4642
2.028	47.4196
2.03	47.3751
2.032	47.3306
2.034	47.2861
2.036	47.2416
2.038	47.1971
2.04	47.1525
2.042	47.108
2.044	47.0635
2.046	47.019
2.048	46.9745
2.05	46.9299
2.052	46.8854
2.054	46.8409
2.056	46.7964
2.058	46.7519
2.06	46.7073
2.062	46.6628
2.064	46.6183
2.066	46.5738
2.068	46.5293
2.07	46.4847
2.072	46.4402
2.074	46.3957
2.076	46.3512
2.078	46.3067
2.08	46.2621
2.082	46.2176
2.084	46.1731
2.086	46.1286
2.088	46.0841
2.09	46.0396
2.092	45.995
2.094	45.9505
2.096	45.906
2.098	45.8615
2.1	45.817
2.102	45.7724
2.104	45.7279
2.106	45.6834
2.108	45.6389
2.11	45.5944
2.112	45.5498
2.114	45.5053
2.116	45.4608
2.118	45.4163
2.12	45.3718
2.122	45.3272
2.124	45.2827
2.126	45.2382
2.128	45.1937
2.13	45.1492
2.132	45.1047
2.134	45.0601
2.136	45.0156
2.138	44.9711
2.14	44.9266
2.142	44.8821
2.144	44.8375
2.146	44.793
2.148	44.7485
2.15	44.704
2.152	44.6595
2.154	44.6149
2.156	44.5704
2.158	44.5259
2.16	44.4814
2.162	44.4369
2.164	44.3923
2.166	44.3478
2.168	44.3033
2.17	44.2588
2.172	44.2143
2.174	44.1698
2.176	44.1252
2.178	44.0807
2.18	44.0362
2.182	43.9917
2.184	43.9472
2.186	43.9026
2.188	43.8581
2.19	43.8136
2.192	43.7691
2.194	43.7246
2.196	43.68
2.198	43.6355
2.2	43.591
2.202	43.5422
2.204	43.4934
2.206	43.4446
2.208	43.3958
2.21	43.347
2.212	43.2982
2.214	43.2494
2.216	43.2006
2.218	43.1517
2.22	43.1029
2.222	43.0541
2.224	43.0053
2.226	42.9565
2.228	42.9077
2.23	42.8589
2.232	42.8101
2.234	42.7613
2.236	42.7125
2.238	42.6637
2.24	42.6149
2.242	42.5661
2.244	42.5173
2.246	42.4685
2.248	42.4197
2.25	42.3709
2.252	42.322
2.254	42.2732
2.256	42.2244
2.258	42.1756
2.26	42.1268
2.262	42.078
2.264	42.0292
2.266	41.9804
2.268	41.9316
2.27	41.8828
2.272	41.834
2.274	41.7852
2.276	41.7364
2.278	41.6876
2.28	41.6388
2.282	41.59
2.284	41.5411
2.286	41.4923
2.288	41.4435
2.29	41.3947
2.292	41.3459
2.294	41.2971
2.296	41.2483
2.298	41.1995
2.3	41.1507
2.302	41.1019
2.304	41.0531
2.306	41.0043
2.308	40.9555
2.31	40.9067
2.312	40.8579
2.314	40.8091
2.316	40.7602
2.318	40.7114
2.32	40.6626
2.322	40.6138
2.324	40.565
2.326	40.5162
2.328	40.4674
2.33	40.4186
2.332	40.3698
2.334	40.321
2.336	40.2722
2.338	40.2234
2.34	40.1746
2.342	40.1258
2.344	40.077
2.346	40.0282
2.348	39.9794
2.35	39.9305
2.352	39.8817
2.354	39.8329
2.356	39.7841
2.358	39.7353
2.36	39.6865
2.362	39.6377
2.364	39.5889
2.366	39.5401
2.368	39.4913
2.37	39.4425
2.372	39.3937
2.374	39.3449
2.376	39.2961
2.378	39.2473
2.38	39.1985
2.382	39.1496
2.384	39.1008
2.386	39.052
2.388	39.0032
2.39	38.9544
2.392	38.9056
2.394	38.8568
2.396	38.808
2.398	38.7592
2.4	38.7104
2.402	38.6585
2.404	38.6066
2.406	38.5548
2.408	38.5029
2.41	38.451
2.412	38.3991
2.414	38.3473
2.416	38.2954
2.418	38.2435
2.42	38.1916
2.422	38.1398
2.424	38.0879
2.426	38.036
2.428	37.9842
2.43	37.9323
2.432	37.8804
2.434	37.8285
2.436	37.7767
2.438	37.7248
2.44	37.6729
2.442	37.621
2.444	37.5692
2.446	37.5173
2.448	37.4654
2.45	37.4135
2.452	37.3617
2.454	37.3098
2.456	37.2579
2.458	37.206
2.46	37.1542
2.462	37.1023
2.464	37.0504
2.466	36.9985
2.468	36.9467
2.47	36.8948
2.472	36.8429
2.474	36.791
2.476	36.7392
2.478	36.6873
2.48	36.6354
2.482	36.5835
2.484	36.5317
2.486	36.4798
2.488	36.4279
2.49	36.3761
2.492	36.3242
2.494	36.2723
2.496	36.2204
2.498	36.1686
2.5	36.1167
2.502	36.0648
2.504	36.0129
2.506	35.9611
2.508	35.9092
2.51	35.8573
2.512	35.8054
2.514	35.7536
2.516	35.7017
2.518	35.6498
2.52	35.5979
2.522	35.5461
2.524	35.4942
2.526	35.4423
2.528	35.3904
2.53	35.3386
2.532	35.2867
2.534	35.2348
2.536	35.1829
2.538	35.1311
2.54	35.0792
2.542	35.0273
2.544	34.9754
2.546	34.9236
2.548	34.8717
2.55	34.8198
2.552	34.768
2.554	34.7161
2.556	34.6642
2.558	34.6123
2.56	34.5605
2.562	34.5086
2.564	34.4567
2.566	34.4048
2.568	34.353
2.57	34.3011
2.572	34.2492
2.574	34.1973
2.576	34.1455
2.578	34.0936
2.58	34.0417
2.582	33.9898
2.584	33.938
2.586	33.8861
2.588	33.8342
2.59	33.7823
2.592	33.7305
2.594	33.6786
2.596	33.6267
2.598	33.5748
2.6	33.523
2.602	33.4695
2.604	33.416
2.606	33.3625
2.608	33.309
2.61	33.2555
2.612	33.2021
2.614	33.1486
2.616	33.0951
2.618	33.0416
2.62	32.9881
2.622	32.9346
2.624	32.8811
2.626	32.8277
2.628	32.7742
2.63	32.7207
2.632	32.6672
2.634	32.6137
2.636	32.5602
2.638	32.5067
2.64	32.4533
2.642	32.3998
2.644	32.3463
2.646	32.2928
2.648	32.2393
2.65	32.1858
2.652	32.1324
2.654	32.0789
2.656	32.0254
2.658	31.9719
2.66	31.9184
2.662	31.8649
2.664	31.8114
2.666	31.758
2.668	31.7045
2.67	31.651
2.672	31.5975
2.674	31.544
2.676	31.4905
2.678	31.437
2.68	31.3836
2.682	31.3301
2.684	31.2766
2.686	31.2231
2.688	31.1696
2.69	31.1161
2.692	31.0626
2.694	31.0092
2.696	30.9557
2.698	30.9022
2.7	30.8487
2.702	30.7952
2.704	30.7417
2.706	30.6882
2.708	30.6348
2.71	30.5813
2.712	30.5278
2.714	30.4743
2.716	30.4208
2.718	30.3673
2.72	30.3138
2.722	30.2604
2.724	30.2069
2.726	30.1534
2.728	30.0999
2.73	30.0464
2.732	29.9929
2.734	29.9395
2.736	29.886
2.738	29.8325
2.74	29.779
2.742	29.7255
2.744	29.672
2.746	29.6185
2.748	29.5651
2.75	29.5116
2.752	29.4581
2.754	29.4046
2.756	29.3511
2.758	29.2976
2.76	29.2441
2.762	29.1907
2.764	29.1372
2.766	29.0837
2.768	29.0302
2.77	28.9767
2.772	28.9232
2.774	28.8697
2.776	28.8163
2.778	28.7628
2.78	28.7093
2.782	28.6558
2.784	28.6023
2.786	28.5488
2.788	28.4953
2.79	28.4419
2.792	28.3884
2.794	28.3349
2.796	28.2814
2.798	28.2279
2.8	28.1744
2.802	28.1211
2.804	28.0677
2.806	28.0143
2.808	27.9609
2.81	27.9076
2.812	27.8542
2.814	27.8008
2.816	27.7475
2.818	27.6941
2.82	27.6407
2.822	27.5873
2.824	27.534
2.826	27.4806
2.828	27.4272
2.83	27.3738
2.832	27.3205
2.834	27.2671
2.836	27.2137
2.838	27.1603
2.84	27.107
2.842	27.0536
2.844	27.0002
2.846	26.9469
2.848	26.8935
2.85	26.8401
2.852	26.7867
2.854	26.7334
2.856	26.68
2.858	26.6266
2.86	26.5732
2.862	26.5199
2.864	26.4665
2.866	26.4131
2.868	26.3598
2.87	26.3064
2.872	26.253
2.874	26.1996
2.876	26.1463
2.878	26.0929
2.88	26.0395
2.882	25.9861
2.884	25.9328
2.886	25.8794
2.888	25.826
2.89	25.7727
2.892	25.7193
2.894	25.6659
2.896	25.6125
2.898	25.5592
2.9	25.5058
2.902	25.4524
2.904	25.399
2.906	25.3457
2.908	25.2923
2.91	25.2389
2.912	25.1856
2.914	25.1322
2.916	25.0788
2.918	25.0254
2.92	24.9721
2.922	24.9187
2.924	24.8653
2.926	24.8119
2.928	24.7586
2.93	24.7052
2.932	24.6518
2.934	24.5984
2.936	24.5451
2.938	24.4917
2.94	24.4383
2.942	24.385
2.944	24.3316
2.946	24.2782
2.948	24.2248
2.95	24.1715
2.952	24.1181
2.954	24.0647
2.956	24.0113
2.958	23.958
2.96	23.9046
2.962	23.8512
2.964	23.7979
2.966	23.7445
2.968	23.6911
2.97	23.6377
2.972	23.5844
2.974	23.531
2.976	23.4776
2.978	23.4242
2.98	23.3709
2.982	23.3175
2.984	23.2641
2.986	23.2108
2.988	23.1574
2.99	23.104
2.992	23.0506
2.994	22.9973
2.996	22.9439
2.998	22.8905
3	22.8371
3.002	22.7858
3.004	22.7345
3.006	22.6832
3.008	22.6319
3.01	22.5806
3.012	22.5293
3.014	22.478
3.016	22.4267
3.018	22.3754
3.02	22.324
3.022	22.2727
3.024	22.2214
3.026	22.1701
3.028	22.1188
3.03	22.0675
3.032	22.0162
3.034	21.9649
3.036	21.9136
3.038	21.8623
3.04	21.8109
3.042	21.7596
3.044	21.7083
3.046	21.657
3.048	21.6057
3.05	21.5544
3.052	21.5031
3.054	21.4518
3.056	21.4005
3.058	21.3492
3.06	21.2978
3.062	21.2465
3.064	21.1952
3.066	21.1439
3.068	21.0926
3.07	21.0413
3.072	20.99
3.074	20.9387
3.076	20.8874
3.078	20.8361
3.08	20.7847
3.082	20.7334
3.084	20.6821
3.086	20.6308
3.088	20.5795
3.09	20.5282
3.092	20.4769
3.094	20.4256
3.096	20.3743
3.098	20.323
3.1	20.2716
3.102	20.2203
3.104	20.169
3.106	20.1177
3.108	20.0664
3.11	20.0151
3.112	19.9638
3.114	19.9125
3.116	19.8612
3.118	19.8099
3.12	19.7585
3.122	19.7072
3.124	19.6559
3.126	19.6046
3.128	19.5533
3.13	19.502
3.132	19.4507
3.134	19.3994
3.136	19.3481
3.138	19.2968
3.14	19.2455
3.142	19.1941
3.144	19.1428
3.146	19.0915
3.148	19.0402
3.15	18.9889
3.152	18.9376
3.154	18.8863
3.156	18.835
3.158	18.7837
3.16	18.7324
3.162	18.681
3.164	18.6297
3.166	18.5784
3.168	18.5271
3.17	18.4758
3.172	18.4245
3.174	18.3732
3.176	18.3219
3.178	18.2706
3.18	18.2193
3.182	18.1679
3.184	18.1166
3.186	18.0653
3.188	18.014
3.19	17.9627
3.192	17.9114
3.194	17.8601
3.196	17.8088
3.198	17.7575
3.2	17.7062
3.202	17.659
3.204	17.6118
3.206	17.5646
3.208	17.5174
3.21	17.4702
3.212	17.423
3.214	17.3758
3.216	17.3286
3.218	17.2814
3.22	17.2342
3.222	17.187
3.224	17.1398
3.226	17.0926
3.228	17.0454
3.23	16.9982
3.232	16.951
3.234	16.9038
3.236	16.8566
3.238	16.8094
3.24	16.7622
3.242	16.715
3.244	16.6679
3.246	16.6207
3.248	16.5735
3.25	16.5263
3.252	16.4791
3.254	16.4319
3.256	16.3847
3.258	16.3375
3.26	16.2903
3.262	16.2431
3.264	16.1959
3.266	16.1487
3.268	16.1015
3.27	16.0543
3.272	16.0071
3.274	15.9599
3.276	15.9127
3.278	15.8655
3.28	15.8183
3.282	15.7711
3.284	15.7239
3.286	15.6767
3.288	15.6295
3.29	15.5824
3.292	15.5352
3.294	15.488
3.296	15.4408
3.298	15.3936
3.3	15.3464
3.302	15.2992
3.304	15.252
3.306	15.2048
3.308	15.1576
3.31	15.1104
3.312	15.0632
3.314	15.016
3.316	14.9688
3.318	14.9216
3.32	14.8744
3.322	14.8272
3.324	14.78
3.326	14.7328
3.328	14.6856
3.33	14.6384
3.332	14.5912
3.334	14.544
3.336	14.4969
3.338	14.4497
3.34	14.4025
3.342	14.3553
3.344	14.3081
3.346	14.2609
3.348	14.2137
3.35	14.1665
3.352	14.1193
3.354	14.0721
3.356	14.0249
3.358	13.9777
3.36	13.9305
3.362	13.8833
3.364	13.8361
3.366	13.7889
3.368	13.7417
3.37	13.6945
3.372	13.6473
3.374	13.6001
3.376	13.5529
3.378	13.5057
3.38	13.4585
3.382	13.4114
3.384	13.3642
3.386	13.317
3.388	13.2698
3.39	13.2226
3.392	13.1754
3.394	13.1282
3.396	13.081
3.398	13.0338
3.4	12.9866
3.402	12.9454
3.404	12.9043
3.406	12.8632
3.408	12.822
3.41	12.7809
3.412	12.7397
3.414	12.6986
3.416	12.6574
3.418	12.6163
3.42	12.5751
3.422	12.534
3.424	12.4928
3.426	12.4517
3.428	12.4105
3.43	12.3694
3.432	12.3282
3.434	12.2871
3.436	12.2459
3.438	12.2048
3.44	12.1637
3.442	12.1225
3.444	12.0814
3.446	12.0402
3.448	11.9991
3.45	11.9579
3.452	11.9168
3.454	11.8756
3.456	11.8345
3.458	11.7933
3.46	11.7522
3.462	11.711
3.464	11.6699
3.466	11.6287
3.468	11.5876
3.47	11.5464
3.472	11.5053
3.474	11.4642
3.476	11.423
3.478	11.3819
3.48	11.3407
3.482	11.2996
3.484	11.2584
3.486	11.2173
3.488	11.1761
3.49	11.135
3.492	11.0938
3.494	11.0527
3.496	11.0115
3.498	10.9704
3.5	10.9292
3.502	10.8881
3.504	10.8469
3.506	10.8058
3.508	10.7647
3.51	10.7235
3.512	10.6824
3.514	10.6412
3.516	10.6001
3.518	10.5589
3.52	10.5178
3.522	10.4766
3.524	10.4355
3.526	10.3943
3.528	10.3532
3.53	10.312
3.532	10.2709
3.534	10.2297
3.536	10.1886
3.538	10.1474
3.54	10.1063
3.542	10.0652
3.544	10.024
3.546	9.98286
3.548	9.94171
3.55	9.90056
3.552	9.85942
3.554	9.81827
3.556	9.77712
3.558	9.73598
3.56	9.69483
3.562	9.65368
3.564	9.61253
3.566	9.57139
3.568	9.53024
3.57	9.48909
3.572	9.44795
3.574	9.4068
3.576	9.36565
3.578	9.3245
3.58	9.28336
3.582	9.24221
3.584	9.20106
3.586	9.15992
3.588	9.11877
3.59	9.07762
3.592	9.03648
3.594	8.99533
3.596	8.95418
3.598	8.91303
3.6	8.87189
3.602	8.83833
3.604	8.80477
3.606	8.77121
3.608	8.73765
3.61	8.70408
3.612	8.67052
3.614	8.63696
3.616	8.6034
3.618	8.56984
3.62	8.53628
3.622	8.50272
3.624	8.46916
3.626	8.4356
3.628	8.40204
3.63	8.36848
3.632	8.33492
3.634	8.30136
3.636	8.2678
3.638	8.23424
3.64	8.20068
3.642	8.16712
3.644	8.13356
3.646	8.1
3.648	8.06644
3.65	8.03287
3.652	7.99931
3.654	7.96575
3.656	7.93219
3.658	7.89863
3.66	7.86507
3.662	7.83151
3.664	7.79795
3.666	7.76439
3.668	7.73083
3.67	7.69727
3.672	7.66371
3.674	7.63015
3.676	7.59659
3.678	7.56303
3.68	7.52947
3.682	7.49591
3.684	7.46235
3.686	7.42879
3.688	7.39523
3.69	7.36166
3.692	7.3281
3.694	7.29454
3.696	7.26098
3.698	7.22742
3.7	7.19386
3.702	7.1603
3.704	7.12674
3.706	7.09318
3.708	7.05962
3.71	7.02606
3.712	6.9925
3.714	6.95894
3.716	6.92538
3.718	6.89182
3.72	6.85826
3.722	6.8247
3.724	6.79114
3.726	6.75758
3.728	6.72402
3.73	6.69045
3.732	6.65689
3.734	6.62333
3.736	6.58977
3.738	6.55621
3.74	6.52265
3.742	6.48909
3.744	6.45553
3.746	6.42197
3.748	6.38841
3.75	6.35485
3.752	6.32129
3.754	6.28773
3.756	6.25417
3.758	6.22061
3.76	6.18705
3.762	6.15349
3.764	6.11993
3.766	6.08637
3.768	6.05281
3.77	6.01924
3.772	5.98568
3.774	5.95212
3.776	5.91856
3.778	5.885
3.78	5.85144
3.782	5.81788
3.784	5.78432
3.786	5.75076
3.788	5.7172
3.79	5.68364
3.792	5.65008
3.794	5.61652
3.796	5.58296
3.798	5.5494
3.8	5.51584
3.802	5.49072
3.804	5.46561
3.806	5.4405
3.808	5.41539
3.81	5.39027
3.812	5.36516
3.814	5.34005
3.816	5.31494
3.818	5.28982
3.82	5.26471
3.822	5.2396
3.824	5.21449
3.826	5.18937
3.828	5.16426
3.83	5.13915
3.832	5.11403
3.834	5.08892
3.836	5.06381
3.838	5.0387
3.84	5.01358
3.842	4.98847
3.844	4.96336
3.846	4.93825
3.848	4.91313
3.85	4.88802
3.852	4.86291
3.854	4.8378
3.856	4.81268
3.858	4.78757
3.86	4.76246
3.862	4.73734
3.864	4.71223
3.866	4.68712
3.868	4.66201
3.87	4.63689
3.872	4.61178
3.874	4.58667
3.876	4.56156
3.878	4.53644
3.88	4.51133
3.882	4.48622
3.884	4.46111
3.886	4.43599
3.888	4.41088
3.89	4.38577
3.892	4.36065
3.894	4.33554
3.896	4.31043
3.898	4.28532
3.9	4.2602
3.902	4.23509
3.904	4.20998
3.906	4.18487
3.908	4.15975
3.91	4.13464
3.912	4.10953
3.914	4.08442
3.916	4.0593
3.918	4.03419
3.92	4.00908
3.922	3.98396
3.924	3.95885
3.926	3.93374
3.928	3.90863
3.93	3.88351
3.932	3.8584
3.934	3.83329
3.936	3.80818
3.938	3.78306
3.94	3.75795
3.942	3.73284
3.944	3.70773
3.946	3.68261
3.948	3.6575
3.95	3.63239
3.952	3.60727
3.954	3.58216
3.956	3.55705
3.958	3.53194
3.96	3.50682
3.962	3.48171
3.964	3.4566
3.966	3.43149
3.968	3.40637
3.97	3.38126
3.972	3.35615
3.974	3.33104
3.976	3.30592
3.978	3.28081
3.98	3.2557
3.982	3.23058
3.984	3.20547
3.986	3.18036
3.988	3.15525
3.99	3.13013
3.992	3.10502
3.994	3.07991
3.996	3.0548
3.998	3.02968
4	3.00457
4.002	2.98789
4.004	2.9712
4.006	2.95452
4.008	2.93784
4.01	2.92115
4.012	2.90447
4.014	2.88779
4.016	2.8711
4.018	2.85442
4.02	2.83773
4.022	2.82105
4.024	2.80437
4.026	2.78768
4.028	2.771
4.03	2.75432
4.032	2.73763
4.034	2.72095
4.036	2.70427
4.038	2.68758
4.04	2.6709
4.042	2.65421
4.044	2.63753
4.046	2.62085
4.048	2.60416
4.05	2.58748
4.052	2.5708
4.054	2.55411
4.056	2.53743
4.058	2.52075
4.06	2.50406
4.062	2.48738
4.064	2.47069
4.066	2.45401
4.068	2.43733
4.07	2.42064
4.072	2.40396
4.074	2.38728
4.076	2.37059
4.078	2.35391
4.08	2.33723
4.082	2.32054
4.084	2.30386
4.086	2.28717
4.088	2.27049
4.09	2.25381
4.092	2.23712
4.094	2.22044
4.096	2.20376
4.098	2.18707
4.1	2.17039
4.102	2.15371
4.104	2.13702
4.106	2.12034
4.108	2.10365
4.11	2.08697
4.112	2.07029
4.114	2.0536
4.116	2.03692
4.118	2.02024
4.12	2.00355
4.122	1.98687
4.124	1.97019
4.126	1.9535
4.128	1.93682
4.13	1.92013
4.132	1.90345
4.134	1.88677
4.136	1.87008
4.138	1.8534
4.14	1.83672
4.142	1.82003
4.144	1.80335
4.146	1.78667
4.148	1.76998
4.15	1.7533
4.152	1.73661
4.154	1.71993
4.156	1.70325
4.158	1.68656
4.16	1.66988
4.162	1.6532
4.164	1.63651
4.166	1.61983
4.168	1.60315
4.17	1.58646
4.172	1.56978
4.174	1.55309
4.176	1.53641
4.178	1.51973
4.18	1.50304
4.182	1.48636
4.184	1.46968
4.186	1.45299
4.188	1.43631
4.19	1.41963
4.192	1.40294
4.194	1.38626
4.196	1.36958
4.198	1.35289
4.2	1.33621
4.202	1.32699
4.204	1.31776
4.206	1.30854
4.208	1.29932
4.21	1.2901
4.212	1.28088
4.214	1.27166
4.216	1.26243
4.218	1.25321
4.22	1.24399
4.222	1.23477
4.224	1.22555
4.226	1.21632
4.228	1.2071
4.23	1.19788
4.232	1.18866
4.234	1.17944
4.236	1.17022
4.238	1.16099
4.24	1.15177
4.242	1.14255
4.244	1.13333
4.246	1.12411
4.248	1.11488
4.25	1.10566
4.252	1.09644
4.254	1.08722
4.256	1.078
4.258	1.06878
4.26	1.05955
4.262	1.05033
4.264	1.04111
4.266	1.03189
4.268	1.02267
4.27	1.01344
4.272	1.00422
4.274	0.995001
4.276	0.985779
4.278	0.976558
4.28	0.967336
4.282	0.958114
4.284	0.948892
4.286	0.93967
4.288	0.930449
4.29	0.921227
4.292	0.912005
4.294	0.902783
4.296	0.893561
4.298	0.88434
4.3	0.875118
4.302	0.865896
4.304	0.856674
4.306	0.847453
4.308	0.838231
4.31	0.829009
4.312	0.819787
4.314	0.810565
4.316	0.801344
4.318	0.792122
4.32	0.7829
4.322	0.773678
4.324	0.764456
4.326	0.755235
4.328	0.746013
4.33	0.736791
4.332	0.727569
4.334	0.718347
4.336	0.709126
4.338	0.699904
4.34	0.690682
4.342	0.68146
4.344	0.672238
4.346	0.663017
4.348	0.653795
4.35	0.644573
4.352	0.635351
4.354	0.626129
4.356	0.616908
4.358	0.607686
4.36	0.598464
4.362	0.589242
4.364	0.58002
4.366	0.570799
4.368	0.561577
4.37	0.552355
4.372	0.543133
4.374	0.533911
4.376	0.52469
4.378	0.515468
4.38	0.506246
4.382	0.497024
4.384	0.487802
4.386	0.478581
4.388	0.469359
4.39	0.460137
4.392	0.450915
4.394	0.441693
4.396	0.432472
4.398	0.42325
4.4	0.414028
4.402	0.410426
4.404	0.406823
4.406	0.403221
4.408	0.399618
4.41	0.396016
4.412	0.392413
4.414	0.388811
4.416	0.385208
4.418	0.381606
4.42	0.378004
4.422	0.374401
4.424	0.370799
4.426	0.367196
4.428	0.363594
4.43	0.359991
4.432	0.356389
4.434	0.352787
4.436	0.349184
4.438	0.345582
4.44	0.341979
4.442	0.338377
4.444	0.334774
4.446	0.331172
4.448	0.327569
4.45	0.323967
4.452	0.320365
4.454	0.316762
4.456	0.31316
4.458	0.309557
4.46	0.305955
4.462	0.302352
4.464	0.29875
4.466	0.295148
4.468	0.291545
4.47	0.287943
4.472	0.28434
4.474	0.280738
4.476	0.277135
4.478	0.273533
4.48	0.26993
4.482	0.266328
4.484	0.262726
4.486	0.259123
4.488	0.255521
4.49	0.251918
4.492	0.248316
4.494	0.244713
4.496	0.241111
4.498	0.237509
4.5	0.233906
4.502	0.230304
4.504	0.226701
4.506	0.223099
4.508	0.219496
4.51	0.215894
4.512	0.212291
4.514	0.208689
4.516	0.205087
4.518	0.201484
4.52	0.197882
4.522	0.194279
4.524	0.190677
4.526	0.187074
4.528	0.183472
4.53	0.17987
4.532	0.176267
4.534	0.172665
4.536	0.169062
4.538	0.16546
4.54	0.161857
4.542	0.158255
4.544	0.154652
4.546	0.15105
4.548	0.147448
4.55	0.143845
4.552	0.140243
4.554	0.13664
4.556	0.133038
4.558	0.129435
4.56	0.125833
4.562	0.122231
4.564	0.118628
4.566	0.115026
4.568	0.111423
4.57	0.107821
4.572	0.104218
4.574	0.100616
4.576	0.0970135
4.578	0.0934111
4.58	0.0898086
4.582	0.0862062
4.584	0.0826037
4.586	0.0790013
4.588	0.0753989
4.59	0.0717964
4.592	0.068194
4.594	0.0645916
4.596	0.0609891
4.598	0.0573867
4.6	0.0537842
4.602	0.0537842
4.604	0.0537842
4.606	0.0537842
4.608	0.0537842
4.61	0.0537842
4.612	0.0537842
4.614	0.0537842
4.616	0.0537842
4.618	0.0537842
4.62	0.0537842
4.622	0.0537842
4.624	0.0537842
4.626	0.0537842
4.628	0.0537842
4.63	0.0537842
4.632	0.0537842
4.634	0.0537842
4.636	0.0537842
4.638	0.0537842
4.64	0.0537842
4.642	0.0537842
4.644	0.0537842
4.646	0.0537842
4.648	0.0537842
4.65	0.0537842
4.652	0.0537842
4.654	0.0537842
4.656	0.0537842
4.658	0.0537842
4.66	0.0537842
4.662	0.0537842
4.664	0.0537842
4.666	0.0537842
4.668	0.0537842
4.67	0.0537842
4.672	0.0537842
4.674	0.0537842
4.676	0.0537842
4.678	0.0537842
4.68	0.0537842
4.682	0.0537842
4.684	0.0537842
4.686	0.0537842
4.688	0.0537842
4.69	0.0537842
4.692	0.0537842
4.694	0.0537842
4.696	0.0537842
4.698	0.0537842
4.7	0.0537842
4.702	0.0537842
4.704	0.0537842
4.706	0.0537842
4.708	0.0537842
4.71	0.0537842
4.712	0.0537842
4.714	0.0537842
4.716	0.0537842
4.718	0.0537842
4.72	0.0537842
4.722	0.0537842
4.724	0.0537842
4.726	0.0537842
4.728	0.0537842
4.73	0.0537842
4.732	0.0537842
4.734	0.0537842
4.736	0.0537842
4.738	0.0537842
4.74	0.0537842
4.742	0.0537842
4.744	0.0537842
4.746	0.0537842
4.748	0.0537842
4.75	0.0537842
4.752	0.0537842
4.754	0.0537842
4.756	0.0537842
4.758	0.0537842
4.76	0.0537842
4.762	0.0537842
4.764	0.0537842
4.766	0.0537842
4.768	0.0537842
4.77	0.0537842
4.772	0.0537842
4.774	0.0537842
4.776	0.0537842
4.778	0.0537842
4.78	0.0537842
4.782	0.0537842
4.784	0.0537842
4.786	0.0537842
4.788	0.0537842
4.79	0.0537842
4.792	0.0537842
4.794	0.0537842
4.796	0.0537842
4.798	0.0537842
